USE Склад_Товаров
go

INSERT INTO Контрагент (Код_Контрагента, Наименование_Контрагента)
VALUES 
(1, 'ООО Рога и копыта'),
(2, 'ИП Петров'),
(3, 'ОАО ПромТорг'),
(4, 'ФГУП Автодеталь'),
(5, 'ООО Цветочный рай'),
(6, 'ИП Сидоров'),
(7, 'ЗАО Электромотор'),
(8, 'ТД Магнит'), 
(9, 'ООО Мясная лавка'),
(10, 'ИП Иванов');

INSERT INTO Склад (Код_Склада, Наименование_Склада)
VALUES 
(101, 'Основной склад 1'),
(102, 'Склад №2'),
(103, 'Склад №3'),
(104, 'Склад №4'),
(105, 'Склад №5'),
(106, 'Склад №6'),
(107, 'Склад №7'),
(108, 'Склад №8'),
(109, 'Склад №9'),
(110, 'Склад №10');

INSERT INTO Поставка (Номер_Накладной, Код_Контрагента, Код_Склада, Дата_Поставки)
VALUES 
(1001, 1, 101, '2024-05-01'),
(1002, 2, 102, '2024-05-02'),
(1003, 3, 103, '2024-05-03'),
(1004, 4, 104, '2024-05-04'),
(1005, 5, 105, '2024-05-05'),
(1006, 6, 106, '2024-05-06'),
(1007, 7, 107, '2024-05-07'),
(1008, 8, 108, '2024-05-08'),
(1009, 9, 109, '2024-05-09'),
(1010, 10, 110, '2024-05-10');

INSERT INTO Отпуск (Номер_Накладной, Код_Контрагента, Код_Склада, Дата_Отпуска)
VALUES 
(2001, 1, 101, '2024-05-11'),
(2002, 2, 102, '2024-05-12'),
(2003, 3, 103, '2024-05-13'),
(2004, 4, 104, '2024-05-14'),
(2005, 5, 105, '2024-05-15'),
(2006, 6, 106, '2024-05-16'),
(2007, 7, 107, '2024-05-17'),
(2008, 8, 108, '2024-05-18'),
(2009, 9, 109, '2024-05-19'),
(2010, 10, 110, '2024-05-20');

INSERT INTO Товар (Код_Товара, Наименование_Товара, Единица_Измерения, Цена_Поставщика, Цена_Продажи, Учетная_Цена)
VALUES 
(10001, 'Картофель', 'кг', 10.00, 15.00, 12.00),
(10002, 'Молоко', 'л', 30.00, 40.00, 35.00),
(10003, 'Хлеб', 'шт', 15.00, 20.00, 18.00),
(10004, 'Сахар', 'кг', 25.00, 35.00, 28.00),
(10005, 'Мука', 'кг', 20.00, 30.00, 22.00),
(10006, 'Яйца', 'шт', 2.00, 3.50, 2.50),
(10007, 'Масло подсолнечное', 'л', 40.00, 50.00, 45.00),
(10008, 'Помидоры', 'кг', 18.00, 25.00, 20.00),
(10009, 'Огурцы', 'кг', 20.00, 28.00, 22.00),
(10010, 'Свинина', 'кг', 150.00, 200.00, 160.00);

INSERT INTO Спецификация_Отпуска_Со_Cклада (Номер_Накладной, Код_Товара, Количество)
VALUES 
(2001, 10001, 100),
(2002, 10002, 50),
(2003, 10003, 200),
(2004, 10004, 80),
(2005, 10005, 120),
(2006, 10006, 150),
(2007, 10007, 70),
(2008, 10008, 90),
(2009, 10009, 110),
(2010, 10010, 40);

INSERT INTO Спецификация_Поставки (Номер_Накладной, Код_Товара, Количество)
VALUES 
(1001, 10001, 120),
(1002, 10002, 80),
(1003, 10003, 150),
(1004, 10004, 200),
(1005, 10005, 250),
(1006, 10006, 100),
(1007, 10007, 300),
(1008, 10008, 150),
(1009, 10009, 180),
(1010, 10010, 70);

INSERT INTO Регистр_цен_продаж (Дата, Код_Товара, Цена_Продажи)
VALUES 
('2024-05-01', 10001, 15.00),
('2024-05-02', 10002, 40.00),
('2024-05-03', 10003, 20.00),
('2024-05-04', 10004, 35.00),
('2024-05-05', 10005, 30.00),
('2024-05-06', 10006, 3.50),
('2024-05-07', 10007, 50.00),
('2024-05-08', 10008, 25.00),
('2024-05-09', 10009, 28.00),
('2024-05-10', 10010, 200.00);
